"drug","event","N_ij","PRR","chi_square","signal_flag","rank_disp","EBGM","EB05","EB95","gps_signal_flag","rank_gps","median_onset_days","weibull_shape","p_early_clustering","early_onset_pattern","rank_tto","borda_score","is_ground_truth","consensus_flag"
"Metformin","Lactic acidosis",1313,6.849,4751.513,TRUE,1,4.866,4.659,5.08,TRUE,1,15,0.726,0,TRUE,1,720,TRUE,TRUE
"Atorvastatin","Myopathy",1002,5.272,2699.387,TRUE,2,4.127,3.923,4.34,TRUE,2,15,0.738,0,TRUE,1,718,TRUE,TRUE
"Empagliflozin","Acute kidney injury",674,3.117,851.716,TRUE,3,2.703,2.535,2.874,TRUE,3,15,0.78,0,TRUE,1,716,TRUE,TRUE
"Warfarin","Gastrointestinal haemorrhage",434,2.21,262.796,TRUE,4,2.024,1.869,2.189,FALSE,4,15,0.758,0,TRUE,1,714,TRUE,FALSE
"Glipizide","QT prolongation",353,2.108,188.246,TRUE,5,1.946,1.776,2.112,FALSE,5,86,1.323,1,FALSE,65,648,FALSE,FALSE
"Apixaban","QT prolongation",360,2.108,191.439,TRUE,5,1.943,1.781,2.116,FALSE,6,95,1.474,1,FALSE,65,647,FALSE,FALSE
"Glipizide","Peripheral oedema",358,2.09,186.9,TRUE,7,1.932,1.767,2.1,FALSE,7,88,1.469,1,FALSE,65,644,FALSE,FALSE
"Apixaban","Hypoglycemia",338,2.019,159.319,TRUE,8,1.872,1.714,2.045,FALSE,8,96.5,1.271,1,FALSE,65,642,FALSE,FALSE
"Ibuprofen","Diarrhoea",397,1.998,183.043,FALSE,9,1.856,1.708,2.011,FALSE,9,90,1.392,1,FALSE,65,640,FALSE,FALSE
"Rosuvastatin","Rash",316,1.855,115.283,FALSE,10,1.739,1.585,1.907,FALSE,10,83.5,1.341,1,FALSE,65,638,FALSE,FALSE
"Amlodipine","Rhabdomyolysis",382,1.852,140.432,FALSE,11,1.739,1.598,1.894,FALSE,10,94,1.42,1,FALSE,65,637,FALSE,FALSE
"Apixaban","Hepatic failure",313,1.845,112.142,FALSE,12,1.731,1.575,1.897,FALSE,12,90,1.371,1,FALSE,65,634,FALSE,FALSE
"Sertraline","Headache",345,1.817,119.406,FALSE,13,1.714,1.568,1.871,FALSE,13,91,1.305,1,FALSE,65,632,FALSE,FALSE
"Rosuvastatin","Hepatic failure",308,1.814,104.229,FALSE,14,1.705,1.547,1.867,FALSE,14,93,1.442,1,FALSE,65,630,FALSE,FALSE
"Apixaban","Peripheral oedema",321,1.805,107.211,FALSE,15,1.699,1.547,1.848,FALSE,15,93,1.424,1,FALSE,65,628,FALSE,FALSE
"Sitagliptin","Nausea",368,1.797,122.552,FALSE,16,1.695,1.552,1.837,FALSE,16,92.5,1.438,1,FALSE,65,626,FALSE,FALSE
"Lisinopril","Dizziness",315,1.781,100.526,FALSE,17,1.679,1.526,1.837,FALSE,17,86,1.324,1,FALSE,65,624,FALSE,FALSE
"Ibuprofen","Nausea",376,1.774,119.497,FALSE,18,1.674,1.534,1.819,FALSE,18,98,1.487,1,FALSE,65,622,FALSE,FALSE
"Apixaban","Rash",304,1.774,95.424,FALSE,18,1.673,1.516,1.834,FALSE,19,100.5,1.364,1,FALSE,65,621,FALSE,FALSE
"Levothyroxine","Dizziness",297,1.741,87.861,FALSE,20,1.649,1.497,1.807,FALSE,20,97,1.398,1,FALSE,65,618,FALSE,FALSE
"Ibuprofen","Rhabdomyolysis",367,1.737,108.178,FALSE,21,1.643,1.506,1.789,FALSE,21,85,1.417,1,FALSE,65,616,FALSE,FALSE
"Losartan","Nausea",359,1.734,105.382,FALSE,22,1.642,1.504,1.785,FALSE,22,99,1.43,1,FALSE,65,614,FALSE,FALSE
"Sitagliptin","Angioedema",363,1.73,105.92,FALSE,24,1.639,1.5,1.788,FALSE,23,90,1.445,1,FALSE,65,611,FALSE,FALSE
"Ibuprofen","Angioedema",375,1.73,108.96,FALSE,24,1.637,1.501,1.775,FALSE,24,91,1.379,1,FALSE,65,610,FALSE,FALSE
"Warfarin","Peripheral oedema",314,1.731,90.33,FALSE,23,1.636,1.485,1.791,FALSE,26,95.5,1.446,1,FALSE,65,609,FALSE,FALSE
"Sertraline","Hyperkalemia",344,1.725,99.622,FALSE,26,1.637,1.498,1.786,FALSE,24,81,1.434,1,FALSE,65,608,FALSE,FALSE
"Losartan","Angioedema",363,1.716,102.864,FALSE,27,1.628,1.486,1.766,FALSE,27,94,1.458,1,FALSE,65,604,FALSE,FALSE
"Amlodipine","Nausea",359,1.716,101.386,FALSE,27,1.627,1.487,1.767,FALSE,28,94,1.433,1,FALSE,65,603,FALSE,FALSE
"Amlodipine","Diarrhoea",341,1.713,95.349,FALSE,29,1.624,1.486,1.778,FALSE,29,96,1.41,1,FALSE,65,600,FALSE,FALSE
"Glipizide","Hypoglycemia",284,1.696,75.815,FALSE,30,1.609,1.455,1.771,FALSE,30,89.5,1.393,1,FALSE,65,598,FALSE,FALSE
"Levothyroxine","Hepatic failure",278,1.692,73.829,FALSE,31,1.607,1.453,1.762,FALSE,31,91,1.448,1,FALSE,65,596,FALSE,FALSE
"Empagliflozin","Diarrhoea",337,1.688,89.097,FALSE,32,1.603,1.461,1.746,FALSE,32,95,1.42,1,FALSE,65,594,FALSE,FALSE
"Losartan","Hyperkalemia",349,1.682,91.588,FALSE,33,1.599,1.458,1.745,FALSE,33,90,1.386,1,FALSE,65,592,FALSE,FALSE
"Omeprazole","Headache",327,1.668,82.772,FALSE,34,1.587,1.446,1.734,FALSE,34,85,1.472,1,FALSE,65,590,FALSE,FALSE
"Losartan","Headache",329,1.653,80.334,FALSE,35,1.574,1.435,1.717,FALSE,35,99,1.566,1,FALSE,65,588,FALSE,FALSE
"Amlodipine","Angioedema",352,1.641,83.84,FALSE,36,1.564,1.43,1.706,FALSE,36,98,1.425,1,FALSE,65,586,FALSE,FALSE
"Levothyroxine","Hypoglycemia",269,1.636,62.442,FALSE,37,1.559,1.413,1.719,FALSE,37,87,1.383,1,FALSE,65,584,FALSE,FALSE
"Omeprazole","Hyperkalemia",335,1.632,78.132,FALSE,38,1.558,1.417,1.696,FALSE,38,89,1.303,1,FALSE,65,582,FALSE,FALSE
"Sitagliptin","Headache",322,1.626,73.678,FALSE,39,1.552,1.411,1.705,FALSE,39,94,1.436,1,FALSE,65,580,FALSE,FALSE
"Levothyroxine","Rash",268,1.615,59.024,FALSE,40,1.542,1.391,1.696,FALSE,40,96,1.546,1,FALSE,65,578,FALSE,FALSE
"Omeprazole","Dizziness",283,1.614,62.2,FALSE,41,1.54,1.395,1.691,FALSE,41,95,1.374,1,FALSE,65,576,FALSE,FALSE
"Lisinopril","Headache",323,1.61,70.786,FALSE,42,1.537,1.398,1.68,FALSE,42,93,1.41,1,FALSE,65,574,FALSE,FALSE
"Warfarin","QT prolongation",285,1.59,58.544,FALSE,43,1.518,1.374,1.671,FALSE,43,98,1.395,1,FALSE,65,572,FALSE,FALSE
"Sertraline","Angioedema",325,1.581,66.524,FALSE,45,1.515,1.38,1.659,FALSE,44,106,1.459,1,FALSE,65,569,FALSE,FALSE
"Warfarin","Rhabdomyolysis",337,1.583,68.715,FALSE,44,1.514,1.386,1.65,FALSE,45,99,1.472,1,FALSE,65,569,FALSE,FALSE
"Levothyroxine","Gastrointestinal haemorrhage",301,1.557,57.221,FALSE,46,1.494,1.353,1.637,FALSE,46,88,1.425,1,FALSE,65,566,FALSE,FALSE
"Glipizide","Myopathy",355,1.547,66.198,FALSE,47,1.486,1.358,1.617,FALSE,47,91,1.421,1,FALSE,65,564,FALSE,FALSE
"Sertraline","Dizziness",263,1.527,45.256,FALSE,48,1.467,1.325,1.616,FALSE,48,100,1.491,1,FALSE,65,562,FALSE,FALSE
"Sitagliptin","Rhabdomyolysis",315,1.519,53.476,FALSE,49,1.461,1.328,1.604,FALSE,49,105,1.458,1,FALSE,65,560,FALSE,FALSE
"Lisinopril","Hyperkalemia",320,1.519,54.144,FALSE,49,1.46,1.332,1.597,FALSE,50,91,1.384,1,FALSE,65,559,FALSE,FALSE
"Glipizide","Diarrhoea",295,1.492,45.747,FALSE,51,1.438,1.307,1.577,FALSE,51,96,1.463,1,FALSE,65,556,FALSE,FALSE
"Amlodipine","Peripheral oedema",271,1.492,41.568,FALSE,51,1.436,1.293,1.58,FALSE,52,87,1.232,1,FALSE,65,555,FALSE,FALSE
"Sitagliptin","Diarrhoea",296,1.49,45.473,FALSE,53,1.435,1.303,1.576,FALSE,53,86,1.418,1,FALSE,65,552,FALSE,FALSE
"Omeprazole","Acute kidney injury",347,1.487,53.567,FALSE,54,1.434,1.313,1.563,FALSE,54,102,1.499,1,FALSE,65,550,FALSE,FALSE
"Rosuvastatin","Dizziness",267,1.477,38.892,FALSE,55,1.423,1.286,1.57,FALSE,55,79,1.361,1,FALSE,65,548,FALSE,FALSE
"Sertraline","Nausea",299,1.474,43.852,FALSE,56,1.423,1.289,1.558,FALSE,55,88,1.358,1,FALSE,65,547,FALSE,FALSE
"Warfarin","Hypoglycemia",259,1.471,36.755,FALSE,57,1.416,1.277,1.567,FALSE,57,96,1.405,1,FALSE,65,544,FALSE,FALSE
"Atorvastatin","Rash",258,1.462,35.516,FALSE,58,1.409,1.264,1.552,FALSE,58,92,1.426,1,FALSE,65,542,FALSE,FALSE
"Atorvastatin","Hepatic failure",256,1.459,34.78,FALSE,59,1.406,1.266,1.548,FALSE,59,96.5,1.359,1,FALSE,65,540,FALSE,FALSE
"Rosuvastatin","Gastrointestinal haemorrhage",294,1.449,39.031,FALSE,60,1.399,1.269,1.536,FALSE,60,96,1.415,1,FALSE,65,538,FALSE,FALSE
"Glipizide","Hepatic failure",246,1.442,31.543,FALSE,61,1.393,1.251,1.541,FALSE,61,99.5,1.479,1,FALSE,65,536,FALSE,FALSE
"Empagliflozin","Rhabdomyolysis",305,1.438,38.931,FALSE,62,1.39,1.263,1.52,FALSE,62,98,1.376,1,FALSE,65,534,FALSE,FALSE
"Omeprazole","Rash",246,1.437,30.893,FALSE,63,1.388,1.245,1.533,FALSE,63,85,1.285,1,FALSE,65,532,FALSE,FALSE
"Lisinopril","Acute kidney injury",342,1.432,43.244,FALSE,64,1.386,1.263,1.514,FALSE,64,87,1.377,1,FALSE,65,530,FALSE,FALSE
"Lisinopril","Gastrointestinal haemorrhage",290,1.431,35.942,FALSE,65,1.384,1.254,1.515,FALSE,65,82.5,1.305,1,FALSE,65,528,FALSE,FALSE
"Sitagliptin","Hyperkalemia",298,1.423,35.958,FALSE,66,1.378,1.253,1.515,FALSE,66,96.5,1.455,1,FALSE,65,526,FALSE,FALSE
"Warfarin","Diarrhoea",292,1.418,34.363,FALSE,67,1.372,1.247,1.508,FALSE,67,92,1.444,1,FALSE,65,524,FALSE,FALSE
"Atorvastatin","QT prolongation",253,1.403,27.71,FALSE,68,1.358,1.219,1.501,FALSE,68,96,1.342,1,FALSE,65,522,FALSE,FALSE
"Omeprazole","Gastrointestinal haemorrhage",278,1.395,29.829,FALSE,69,1.353,1.221,1.486,FALSE,69,91,1.407,1,FALSE,65,520,FALSE,FALSE
"Levothyroxine","Lactic acidosis",344,1.388,36.576,FALSE,70,1.349,1.232,1.473,FALSE,70,96,1.351,1,FALSE,65,518,FALSE,FALSE
"Losartan","Rhabdomyolysis",285,1.35,24.898,FALSE,71,1.314,1.191,1.44,FALSE,71,95,1.285,1,FALSE,65,516,FALSE,FALSE
"Empagliflozin","Peripheral oedema",247,1.345,20.752,FALSE,72,1.308,1.177,1.451,FALSE,72,94,1.546,1,FALSE,65,514,FALSE,FALSE
"Atorvastatin","Hypoglycemia",236,1.337,18.937,FALSE,73,1.301,1.171,1.445,FALSE,73,82,1.383,1,FALSE,65,512,FALSE,FALSE
"Sertraline","Rhabdomyolysis",271,1.332,21.608,FALSE,74,1.299,1.178,1.43,FALSE,74,83,1.456,1,FALSE,65,510,FALSE,FALSE
"Levothyroxine","QT prolongation",225,1.306,15.378,FALSE,75,1.275,1.137,1.415,FALSE,76,93,1.322,1,FALSE,65,507,FALSE,FALSE
"Sertraline","Acute kidney injury",301,1.305,20.985,FALSE,76,1.276,1.161,1.402,FALSE,75,93,1.456,1,FALSE,65,507,FALSE,FALSE
"Omeprazole","Lactic acidosis",330,1.297,22.074,FALSE,77,1.269,1.159,1.383,FALSE,77,93,1.392,1,FALSE,65,504,FALSE,FALSE
"Warfarin","Myopathy",312,1.29,19.702,FALSE,78,1.261,1.146,1.38,FALSE,78,91,1.471,1,FALSE,65,502,FALSE,FALSE
"Lisinopril","Angioedema",281,1.285,17.173,FALSE,79,1.257,1.135,1.383,FALSE,79,95,1.446,1,FALSE,65,500,FALSE,FALSE
"Ibuprofen","Headache",266,1.27,14.596,FALSE,80,1.242,1.123,1.37,FALSE,80,88,1.411,1,FALSE,65,498,FALSE,FALSE
"Rosuvastatin","Lactic acidosis",330,1.267,18.166,FALSE,81,1.241,1.132,1.355,FALSE,81,93,1.458,1,FALSE,65,496,FALSE,FALSE
"Glipizide","Rhabdomyolysis",265,1.264,14.052,FALSE,82,1.238,1.115,1.364,FALSE,82,84,1.39,1,FALSE,65,494,FALSE,FALSE
"Rosuvastatin","Hypoglycemia",222,1.264,11.606,FALSE,82,1.237,1.103,1.381,FALSE,83,95.5,1.392,1,FALSE,65,493,FALSE,FALSE
"Glipizide","Rash",217,1.25,10.247,FALSE,84,1.224,1.091,1.357,FALSE,84,85,1.355,1,FALSE,65,490,FALSE,FALSE
"Losartan","Dizziness",225,1.235,9.512,FALSE,85,1.211,1.082,1.343,FALSE,85,95,1.362,1,FALSE,65,488,FALSE,FALSE
"Losartan","Diarrhoea",250,1.228,10.174,FALSE,86,1.206,1.084,1.33,FALSE,86,92,1.454,1,FALSE,65,486,FALSE,FALSE
"Amlodipine","Myopathy",292,1.219,11.189,FALSE,87,1.198,1.086,1.313,FALSE,87,94.5,1.48,1,FALSE,65,484,FALSE,FALSE
"Empagliflozin","QT prolongation",221,1.219,8.246,FALSE,87,1.197,1.071,1.333,FALSE,88,110,1.506,1,FALSE,65,483,FALSE,FALSE
"Rosuvastatin","Hyperkalemia",257,1.191,7.557,FALSE,89,1.173,1.055,1.293,FALSE,89,95,1.46,1,FALSE,65,480,FALSE,FALSE
"Losartan","Acute kidney injury",286,1.185,8.016,FALSE,90,1.168,1.057,1.282,FALSE,90,88,1.442,1,FALSE,65,478,FALSE,FALSE
"Metformin","Hyperkalemia",254,1.164,5.642,FALSE,91,1.149,1.028,1.269,FALSE,91,89,1.423,1,FALSE,65,476,FALSE,FALSE
"Sertraline","Gastrointestinal haemorrhage",229,1.159,4.786,FALSE,92,1.145,1.024,1.272,FALSE,92,83,1.44,1,FALSE,65,474,FALSE,FALSE
"Ibuprofen","Peripheral oedema",218,1.154,4.208,FALSE,93,1.139,1.011,1.267,FALSE,93,93.5,1.309,1,FALSE,65,472,FALSE,FALSE
"Rosuvastatin","Acute kidney injury",281,1.153,5.511,FALSE,94,1.139,1.032,1.246,FALSE,93,85,1.308,1,FALSE,65,471,FALSE,FALSE
"Amlodipine","QT prolongation",209,1.149,3.811,FALSE,95,1.135,1.01,1.265,FALSE,95,88,1.316,1,FALSE,65,468,FALSE,FALSE
"Rosuvastatin","Headache",237,1.143,4.044,FALSE,96,1.13,1.011,1.256,FALSE,96,106,1.487,1,FALSE,65,466,FALSE,FALSE
"Warfarin","Hepatic failure",206,1.142,3.394,FALSE,97,1.128,1.002,1.257,FALSE,97,87,1.328,1,FALSE,65,464,FALSE,FALSE
"Lisinopril","Rash",198,1.11,2.002,FALSE,98,1.099,0.975,1.232,FALSE,98,88,1.312,1,FALSE,65,462,FALSE,FALSE
"Atorvastatin","Peripheral oedema",206,1.096,1.587,FALSE,99,1.086,0.966,1.211,FALSE,99,84,1.462,1,FALSE,65,460,FALSE,FALSE
"Apixaban","Myopathy",264,1.094,2.044,FALSE,100,1.086,0.981,1.198,FALSE,99,97,1.382,1,FALSE,65,459,FALSE,FALSE
"Lisinopril","Hepatic failure",194,1.092,1.392,FALSE,101,1.084,0.956,1.21,FALSE,101,97,1.494,1,FALSE,65,456,FALSE,FALSE
"Ibuprofen","Myopathy",268,1.091,1.917,FALSE,102,1.082,0.976,1.192,FALSE,102,91,1.421,1,FALSE,65,454,FALSE,FALSE
"Metformin","Dizziness",204,1.09,1.399,FALSE,103,1.081,0.961,1.21,FALSE,103,95,1.463,1,FALSE,65,452,FALSE,FALSE
"Apixaban","Gastrointestinal haemorrhage",221,1.061,0.697,FALSE,104,1.055,0.94,1.176,FALSE,104,87,1.513,1,FALSE,65,450,FALSE,FALSE
"Rosuvastatin","QT prolongation",192,1.051,0.413,FALSE,105,1.046,0.926,1.173,FALSE,105,89.5,1.461,1,FALSE,65,448,FALSE,FALSE
"Lisinopril","Nausea",226,1.038,0.268,FALSE,106,1.034,0.923,1.147,FALSE,106,100.5,1.47,1,FALSE,65,446,FALSE,FALSE
"Empagliflozin","Nausea",227,1.036,0.249,FALSE,107,1.033,0.921,1.145,FALSE,107,97,1.458,1,FALSE,65,444,FALSE,FALSE
"Empagliflozin","Myopathy",251,1.034,0.242,FALSE,108,1.031,0.927,1.137,FALSE,108,93,1.369,1,FALSE,65,442,FALSE,FALSE
"Omeprazole","Hepatic failure",180,1.03,0.122,FALSE,109,1.027,0.907,1.155,FALSE,109,86.5,1.377,1,FALSE,65,440,FALSE,FALSE
"Empagliflozin","Angioedema",229,1.024,0.102,FALSE,110,1.021,0.914,1.13,FALSE,110,93,1.378,1,FALSE,65,438,FALSE,FALSE
"Levothyroxine","Peripheral oedema",183,1.021,0.06,FALSE,111,1.019,0.9,1.144,FALSE,111,103,1.389,1,FALSE,65,436,FALSE,FALSE
"Apixaban","Lactic acidosis",268,1.01,0.019,FALSE,112,1.009,0.907,1.111,FALSE,112,86.5,1.379,1,FALSE,65,434,FALSE,FALSE
"Metformin","Headache",213,1.009,0.009,FALSE,113,1.008,0.897,1.124,FALSE,113,91,1.466,1,FALSE,65,432,FALSE,FALSE
"Levothyroxine","Hyperkalemia",207,0.988,0.019,FALSE,114,0.988,0.877,1.103,FALSE,114,99,1.358,1,FALSE,65,430,FALSE,FALSE
"Ibuprofen","Hyperkalemia",219,0.982,0.056,FALSE,115,0.983,0.877,1.094,FALSE,115,85,1.334,1,FALSE,65,428,FALSE,FALSE
"Warfarin","Rash",179,0.976,0.083,FALSE,116,0.977,0.861,1.101,FALSE,116,97,1.502,1,FALSE,65,426,FALSE,FALSE
"Empagliflozin","Hypoglycemia",173,0.962,0.212,FALSE,117,0.965,0.849,1.085,FALSE,117,92,1.387,1,FALSE,65,424,FALSE,FALSE
"Amlodipine","Hyperkalemia",210,0.956,0.373,FALSE,118,0.959,0.854,1.07,FALSE,118,90.5,1.551,1,FALSE,65,422,FALSE,FALSE
"Apixaban","Dizziness",178,0.95,0.41,FALSE,119,0.954,0.84,1.074,FALSE,119,89,1.451,1,FALSE,65,420,FALSE,FALSE
"Omeprazole","Hypoglycemia",165,0.94,0.554,FALSE,120,0.945,0.828,1.07,FALSE,120,103,1.369,1,FALSE,65,418,FALSE,FALSE
"Amlodipine","Headache",188,0.89,2.443,FALSE,128,0.898,0.794,1.011,FALSE,128,81,1.271,0.9999,FALSE,50,417,FALSE,FALSE
"Sitagliptin","Acute kidney injury",229,0.94,0.815,FALSE,120,0.944,0.847,1.049,FALSE,121,103,1.524,1,FALSE,65,417,FALSE,FALSE
"Ibuprofen","QT prolongation",175,0.932,0.787,FALSE,122,0.937,0.825,1.058,FALSE,122,104,1.499,1,FALSE,65,414,FALSE,FALSE
"Metformin","Acute kidney injury",232,0.929,1.196,FALSE,123,0.934,0.837,1.037,FALSE,123,82,1.305,1,FALSE,65,412,FALSE,FALSE
"Omeprazole","Angioedema",203,0.925,1.163,FALSE,124,0.93,0.828,1.036,FALSE,124,94,1.352,1,FALSE,65,410,FALSE,FALSE
"Lisinopril","Lactic acidosis",243,0.913,1.946,FALSE,125,0.919,0.823,1.017,FALSE,125,95,1.34,1,FALSE,65,408,FALSE,FALSE
"Warfarin","Nausea",203,0.906,1.882,FALSE,126,0.913,0.811,1.016,FALSE,126,95,1.333,1,FALSE,65,406,FALSE,FALSE
"Sitagliptin","Dizziness",167,0.903,1.633,FALSE,127,0.91,0.799,1.025,FALSE,127,89,1.385,1,FALSE,65,404,FALSE,FALSE
"Losartan","Gastrointestinal haemorrhage",175,0.834,5.606,FALSE,135,0.846,0.744,0.954,FALSE,135,85,1.269,0.9999,FALSE,50,403,FALSE,FALSE
"Atorvastatin","Dizziness",169,0.89,2.175,FALSE,128,0.898,0.788,1.017,FALSE,128,101,1.459,1,FALSE,65,402,FALSE,FALSE
"Atorvastatin","Gastrointestinal haemorrhage",189,0.888,2.551,FALSE,130,0.896,0.79,1.004,FALSE,130,93,1.358,1,FALSE,65,398,FALSE,FALSE
"Metformin","Rash",122,0.656,21.909,FALSE,156,0.677,0.583,0.777,FALSE,155,84.5,1.221,0.9942,FALSE,15,397,FALSE,FALSE
"Levothyroxine","Acute kidney injury",205,0.861,4.518,FALSE,131,0.871,0.776,0.972,FALSE,131,88,1.586,1,FALSE,65,396,FALSE,FALSE
"Apixaban","Diarrhoea",179,0.85,4.581,FALSE,132,0.861,0.759,0.967,FALSE,132,101,1.502,1,FALSE,65,394,FALSE,FALSE
"Lisinopril","Hypoglycemia",153,0.85,3.898,FALSE,132,0.86,0.75,0.973,FALSE,133,115,1.483,1,FALSE,65,393,FALSE,FALSE
"Metformin","Angioedema",192,0.843,5.51,FALSE,134,0.854,0.757,0.955,FALSE,134,93.5,1.462,1,FALSE,65,390,FALSE,FALSE
"Atorvastatin","Lactic acidosis",225,0.83,7.828,FALSE,136,0.842,0.755,0.933,FALSE,136,90,1.416,1,FALSE,65,386,FALSE,FALSE
"Sertraline","Rash",123,0.702,15.412,FALSE,150,0.721,0.62,0.83,FALSE,150,87,1.304,0.9996,FALSE,37,386,FALSE,FALSE
"Metformin","Gastrointestinal haemorrhage",175,0.819,6.816,FALSE,137,0.832,0.728,0.935,FALSE,137,89,1.368,1,FALSE,65,384,FALSE,FALSE
"Ibuprofen","Acute kidney injury",208,0.818,8.345,FALSE,138,0.831,0.738,0.928,FALSE,138,86.5,1.43,1,FALSE,65,382,FALSE,FALSE
"Glipizide","Nausea",177,0.815,7.312,FALSE,139,0.828,0.73,0.932,FALSE,139,97,1.558,1,FALSE,65,380,FALSE,FALSE
"Sitagliptin","Gastrointestinal haemorrhage",152,0.725,15.817,FALSE,147,0.742,0.645,0.843,FALSE,147,84.5,1.313,0.9999,FALSE,50,379,FALSE,FALSE
"Rosuvastatin","Peripheral oedema",152,0.801,7.336,FALSE,140,0.815,0.712,0.923,FALSE,140,93,1.478,1,FALSE,65,378,FALSE,FALSE
"Metformin","Nausea",178,0.795,9.341,FALSE,141,0.808,0.71,0.912,FALSE,141,95.5,1.456,1,FALSE,65,376,FALSE,FALSE
"Omeprazole","Nausea",172,0.793,9.235,FALSE,142,0.806,0.71,0.908,FALSE,142,102,1.404,1,FALSE,65,374,FALSE,FALSE
"Empagliflozin","Hepatic failure",139,0.761,10.182,FALSE,143,0.777,0.672,0.887,FALSE,143,99,1.475,1,FALSE,65,372,FALSE,FALSE
"Amlodipine","Hypoglycemia",138,0.758,10.386,FALSE,144,0.775,0.672,0.883,FALSE,144,105.5,1.552,1,FALSE,65,370,FALSE,FALSE
"Sertraline","Diarrhoea",153,0.758,11.75,FALSE,144,0.773,0.675,0.877,FALSE,145,92,1.395,1,FALSE,65,369,FALSE,FALSE
"Sitagliptin","Myopathy",166,0.68,25.352,FALSE,152,0.699,0.615,0.79,FALSE,152,91.5,1.305,0.9999,FALSE,50,369,FALSE,FALSE
"Losartan","Peripheral oedema",111,0.581,33.739,FALSE,162,0.604,0.516,0.705,FALSE,162,94,1.315,0.9993,FALSE,31,368,FALSE,FALSE
"Sitagliptin","Peripheral oedema",140,0.746,11.898,FALSE,146,0.763,0.659,0.876,FALSE,146,94,1.587,1,FALSE,65,366,FALSE,FALSE
"Levothyroxine","Headache",148,0.725,15.367,FALSE,147,0.742,0.643,0.846,FALSE,147,108.5,1.551,1,FALSE,65,364,FALSE,FALSE
"Sitagliptin","Hypoglycemia",95,0.523,41.673,FALSE,173,0.548,0.458,0.641,FALSE,173,80,1.228,0.9898,FALSE,13,364,FALSE,FALSE
"Warfarin","Angioedema",164,0.708,19.842,FALSE,149,0.726,0.636,0.822,FALSE,149,102,1.445,1,FALSE,65,360,FALSE,FALSE
"Apixaban","Rhabdomyolysis",153,0.688,21.802,FALSE,151,0.707,0.617,0.803,FALSE,151,100,1.341,1,FALSE,65,356,FALSE,FALSE
"Amlodipine","Rash",96,0.515,44.231,FALSE,176,0.541,0.451,0.633,FALSE,175,91.5,1.294,0.9974,FALSE,19,353,FALSE,FALSE
"Glipizide","Gastrointestinal haemorrhage",142,0.679,21.66,FALSE,153,0.698,0.606,0.797,FALSE,153,99.5,1.557,1,FALSE,65,352,FALSE,FALSE
"Ibuprofen","Hypoglycemia",123,0.659,21.42,FALSE,154,0.681,0.585,0.784,FALSE,154,98,1.476,1,FALSE,65,350,FALSE,FALSE
"Amlodipine","Acute kidney injury",166,0.657,30.16,FALSE,155,0.677,0.594,0.763,FALSE,155,102,1.467,1,FALSE,65,348,FALSE,FALSE
"Levothyroxine","Myopathy",153,0.643,30.834,FALSE,157,0.663,0.578,0.754,FALSE,157,84,1.376,1,FALSE,65,344,FALSE,FALSE
"Empagliflozin","Headache",137,0.636,28.606,FALSE,158,0.658,0.567,0.753,FALSE,158,103,1.607,1,FALSE,65,342,FALSE,FALSE
"Empagliflozin","Hyperkalemia",112,0.493,59.621,FALSE,179,0.518,0.44,0.598,FALSE,179,90.5,1.275,0.9983,FALSE,24,341,FALSE,FALSE
"Amlodipine","Hepatic failure",111,0.602,29.121,FALSE,159,0.626,0.532,0.724,FALSE,159,90,1.41,1,FALSE,65,340,FALSE,FALSE
"Ibuprofen","Dizziness",104,0.529,43.862,FALSE,172,0.555,0.471,0.647,FALSE,172,102.5,1.385,0.9997,FALSE,40,339,FALSE,FALSE
"Glipizide","Angioedema",134,0.596,37.279,FALSE,160,0.618,0.536,0.705,FALSE,160,94,1.369,1,FALSE,65,338,FALSE,FALSE
"Sertraline","Lactic acidosis",155,0.596,43.7,FALSE,160,0.617,0.536,0.7,FALSE,161,100,1.334,1,FALSE,65,337,FALSE,FALSE
"Lisinopril","Diarrhoea",106,0.493,56.36,FALSE,179,0.518,0.44,0.601,FALSE,179,78.5,1.308,0.9993,FALSE,31,334,FALSE,FALSE
"Sitagliptin","Hepatic failure",92,0.504,45.166,FALSE,178,0.53,0.444,0.62,FALSE,178,99,1.379,0.9995,FALSE,34,333,FALSE,FALSE
"Atorvastatin","Diarrhoea",125,0.577,39.174,FALSE,163,0.6,0.514,0.69,FALSE,163,96,1.378,1,FALSE,65,332,FALSE,FALSE
"Sitagliptin","QT prolongation",107,0.576,33.511,FALSE,164,0.6,0.512,0.697,FALSE,163,94,1.738,1,FALSE,65,331,FALSE,FALSE
"Empagliflozin","Rash",107,0.575,33.597,FALSE,165,0.599,0.509,0.696,FALSE,165,117,1.628,1,FALSE,65,328,FALSE,FALSE
"Losartan","Myopathy",140,0.565,48.155,FALSE,166,0.587,0.507,0.668,FALSE,166,98.5,1.374,1,FALSE,65,326,FALSE,FALSE
"Sertraline","Hepatic failure",83,0.469,50.524,FALSE,186,0.495,0.41,0.587,FALSE,186,103,1.344,0.9985,FALSE,25,326,FALSE,FALSE
"Sitagliptin","Rash",84,0.456,55.069,FALSE,188,0.483,0.401,0.57,FALSE,188,85.5,1.312,0.9977,FALSE,21,326,FALSE,FALSE
"Glipizide","Lactic acidosis",150,0.561,53.499,FALSE,167,0.583,0.509,0.664,FALSE,167,91.5,1.397,1,FALSE,65,324,FALSE,FALSE
"Lisinopril","Rhabdomyolysis",125,0.559,44.337,FALSE,168,0.582,0.501,0.671,FALSE,168,95,1.542,1,FALSE,65,322,FALSE,FALSE
"Metformin","Hepatic failure",101,0.541,39.38,FALSE,169,0.567,0.479,0.664,FALSE,169,93,1.44,1,FALSE,65,320,FALSE,FALSE
"Losartan","Rash",99,0.537,39.749,FALSE,170,0.562,0.473,0.657,FALSE,170,85,1.45,1,FALSE,65,318,FALSE,FALSE
"Apixaban","Acute kidney injury",136,0.535,56.766,FALSE,171,0.558,0.481,0.639,FALSE,171,95,1.419,1,FALSE,65,316,FALSE,FALSE
"Glipizide","Dizziness",93,0.492,49.463,FALSE,181,0.518,0.434,0.608,FALSE,179,95,1.439,0.9999,FALSE,50,313,FALSE,FALSE
"Levothyroxine","Angioedema",115,0.521,51.843,FALSE,174,0.545,0.466,0.632,FALSE,174,100,1.433,1,FALSE,65,310,FALSE,FALSE
"Omeprazole","QT prolongation",90,0.485,49.775,FALSE,182,0.511,0.427,0.602,FALSE,182,98,1.426,0.9999,FALSE,50,309,FALSE,FALSE
"Warfarin","Headache",91,0.41,79.187,FALSE,203,0.436,0.366,0.51,FALSE,203,88,1.177,0.9707,FALSE,8,309,FALSE,FALSE
"Rosuvastatin","Angioedema",119,0.516,55.417,FALSE,175,0.54,0.46,0.622,FALSE,176,86,1.393,1,FALSE,65,307,FALSE,FALSE
"Rosuvastatin","Nausea",107,0.472,64.996,FALSE,184,0.497,0.422,0.58,FALSE,184,85,1.364,0.9999,FALSE,50,305,FALSE,FALSE
"Metformin","Rhabdomyolysis",116,0.511,55.594,FALSE,177,0.535,0.457,0.619,FALSE,177,93,1.529,1,FALSE,65,304,FALSE,FALSE
"Omeprazole","Peripheral oedema",79,0.415,66.494,FALSE,200,0.442,0.362,0.525,FALSE,200,93,1.337,0.9979,FALSE,23,300,FALSE,FALSE
"Lisinopril","QT prolongation",83,0.437,61.236,FALSE,196,0.464,0.385,0.548,FALSE,196,105,1.4,0.9995,FALSE,34,297,FALSE,FALSE
"Sertraline","Peripheral oedema",74,0.398,68.849,FALSE,208,0.425,0.348,0.507,FALSE,208,95,1.293,0.9921,FALSE,14,293,FALSE,FALSE
"Rosuvastatin","Myopathy",120,0.477,70.973,FALSE,183,0.502,0.431,0.575,FALSE,183,82,1.545,1,FALSE,65,292,FALSE,FALSE
"Ibuprofen","Hepatic failure",84,0.443,59.74,FALSE,193,0.47,0.392,0.552,FALSE,193,91,1.448,0.9998,FALSE,46,291,FALSE,FALSE
"Warfarin","Lactic acidosis",132,0.472,81.313,FALSE,184,0.496,0.429,0.565,FALSE,185,94.5,1.411,1,FALSE,65,289,FALSE,FALSE
"Atorvastatin","Rhabdomyolysis",93,0.406,83.391,FALSE,204,0.432,0.362,0.51,FALSE,204,90,1.341,0.9992,FALSE,28,287,FALSE,FALSE
"Losartan","Lactic acidosis",121,0.443,88.663,FALSE,193,0.467,0.398,0.534,FALSE,194,102,1.392,0.9999,FALSE,50,286,FALSE,FALSE
"Apixaban","Hyperkalemia",106,0.467,66.043,FALSE,187,0.492,0.417,0.572,FALSE,187,90.5,1.551,1,FALSE,65,284,FALSE,FALSE
"Atorvastatin","Hyperkalemia",101,0.44,73.99,FALSE,195,0.466,0.393,0.547,FALSE,195,104,1.433,0.9999,FALSE,50,283,FALSE,FALSE
"Metformin","Diarrhoea",99,0.454,66.619,FALSE,189,0.479,0.404,0.561,FALSE,189,98,1.608,1,FALSE,65,280,FALSE,FALSE
"Sertraline","QT prolongation",58,0.317,87.675,FALSE,218,0.344,0.276,0.42,FALSE,219,104.5,1.23,0.9579,FALSE,6,280,FALSE,FALSE
"Losartan","Hepatic failure",79,0.428,61.43,FALSE,199,0.455,0.376,0.542,FALSE,199,88,1.482,0.9998,FALSE,46,279,FALSE,FALSE
"Sertraline","Myopathy",109,0.454,74.109,FALSE,189,0.478,0.402,0.555,FALSE,190,98,1.695,1,FALSE,65,279,FALSE,FALSE
"Metformin","Hypoglycemia",60,0.317,90.239,FALSE,218,0.345,0.276,0.418,FALSE,218,73.5,1.275,0.9803,FALSE,9,278,FALSE,FALSE
"Amlodipine","Dizziness",87,0.448,59.996,FALSE,191,0.475,0.396,0.56,FALSE,191,108,1.601,1,FALSE,65,276,FALSE,FALSE
"Levothyroxine","Diarrhoea",80,0.385,80.843,FALSE,210,0.411,0.338,0.489,FALSE,210,99.5,1.378,0.9992,FALSE,28,275,FALSE,FALSE
"Omeprazole","Rhabdomyolysis",99,0.448,69.104,FALSE,191,0.473,0.398,0.552,FALSE,192,82,1.45,1,FALSE,65,275,FALSE,FALSE
"Rosuvastatin","Diarrhoea",81,0.373,88.133,FALSE,211,0.399,0.33,0.475,FALSE,211,101,1.393,0.9992,FALSE,28,273,FALSE,FALSE
"Warfarin","Dizziness",62,0.311,96.948,FALSE,220,0.339,0.273,0.41,FALSE,220,74.5,1.259,0.9814,FALSE,11,272,FALSE,FALSE
"Losartan","QT prolongation",78,0.412,66.617,FALSE,201,0.439,0.359,0.524,FALSE,201,95.5,1.526,0.9999,FALSE,50,271,FALSE,FALSE
"Lisinopril","Peripheral oedema",80,0.411,68.701,FALSE,202,0.438,0.363,0.521,FALSE,202,84,1.444,0.9999,FALSE,50,269,FALSE,FALSE
"Atorvastatin","Acute kidney injury",113,0.437,85.2,FALSE,196,0.461,0.395,0.535,FALSE,197,93,1.645,1,FALSE,65,265,FALSE,FALSE
"Rosuvastatin","Rhabdomyolysis",71,0.311,112.521,FALSE,220,0.337,0.274,0.406,FALSE,221,86,1.351,0.9971,FALSE,18,264,FALSE,FALSE
"Empagliflozin","Lactic acidosis",81,0.29,149.022,FALSE,226,0.313,0.259,0.373,FALSE,228,82,1.192,0.9668,FALSE,7,262,FALSE,FALSE
"Losartan","Hypoglycemia",79,0.429,61.061,FALSE,198,0.456,0.374,0.54,FALSE,198,100,1.614,1,FALSE,65,262,FALSE,FALSE
"Omeprazole","Diarrhoea",73,0.343,94.881,FALSE,216,0.369,0.303,0.442,FALSE,216,83,1.383,0.9993,FALSE,31,260,FALSE,FALSE
"Sertraline","Hypoglycemia",70,0.394,66.287,FALSE,209,0.422,0.345,0.505,FALSE,209,96,1.518,0.9998,FALSE,46,259,FALSE,FALSE
"Levothyroxine","Nausea",79,0.361,92.403,FALSE,214,0.387,0.32,0.459,FALSE,214,78,1.439,0.9996,FALSE,37,258,FALSE,FALSE
"Glipizide","Acute kidney injury",74,0.292,133.227,FALSE,225,0.316,0.259,0.376,FALSE,225,78.5,1.341,0.9974,FALSE,19,254,FALSE,FALSE
"Glipizide","Hyperkalemia",82,0.367,92.696,FALSE,213,0.392,0.326,0.464,FALSE,213,96.5,1.435,0.9998,FALSE,46,251,FALSE,FALSE
"Apixaban","Nausea",85,0.372,93.403,FALSE,212,0.397,0.33,0.469,FALSE,212,85,1.449,0.9999,FALSE,50,249,FALSE,FALSE
"Ibuprofen","Gastrointestinal haemorrhage",90,0.405,80.717,FALSE,205,0.431,0.361,0.506,FALSE,205,95.5,1.471,1,FALSE,65,248,FALSE,FALSE
"Sitagliptin","Lactic acidosis",110,0.405,101.105,FALSE,205,0.429,0.366,0.496,FALSE,206,90,1.463,1,FALSE,65,247,FALSE,FALSE
"Warfarin","Hyperkalemia",64,0.274,128.554,FALSE,232,0.299,0.242,0.358,FALSE,232,83.5,1.26,0.9838,FALSE,12,247,FALSE,FALSE
"Amlodipine","Gastrointestinal haemorrhage",88,0.403,79.801,FALSE,207,0.429,0.357,0.504,FALSE,206,94,1.528,1,FALSE,65,245,FALSE,FALSE
"Levothyroxine","Rhabdomyolysis",61,0.279,118.469,FALSE,231,0.304,0.245,0.368,FALSE,231,99,1.352,0.9944,FALSE,16,245,FALSE,FALSE
"Apixaban","Angioedema",68,0.29,123.46,FALSE,226,0.315,0.257,0.376,FALSE,226,88.5,1.41,0.9989,FALSE,27,244,FALSE,FALSE
"Empagliflozin","Dizziness",67,0.342,86.857,FALSE,217,0.369,0.3,0.445,FALSE,216,113,1.527,0.9999,FALSE,50,240,FALSE,FALSE
"Metformin","Peripheral oedema",38,0.19,136.168,FALSE,239,0.215,0.165,0.271,FALSE,239,91.5,1.189,0.8985,FALSE,5,240,FALSE,FALSE
"Omeprazole","Myopathy",73,0.293,130.342,FALSE,223,0.318,0.263,0.381,FALSE,223,82,1.453,0.9996,FALSE,37,240,FALSE,FALSE
"Warfarin","Acute kidney injury",77,0.293,138.317,FALSE,223,0.317,0.263,0.376,FALSE,224,87,1.429,0.9997,FALSE,40,236,FALSE,FALSE
"Glipizide","Headache",62,0.288,113.194,FALSE,228,0.314,0.251,0.382,FALSE,227,103.5,1.506,0.9995,FALSE,34,234,FALSE,FALSE
"Metformin","QT prolongation",44,0.225,121.096,FALSE,236,0.252,0.195,0.317,FALSE,236,85,1.432,0.9958,FALSE,17,234,FALSE,FALSE
"Metformin","Myopathy",44,0.17,189.498,FALSE,240,0.191,0.149,0.238,FALSE,240,74,1.309,0.9805,FALSE,10,233,FALSE,FALSE
"Atorvastatin","Headache",69,0.311,109.049,FALSE,220,0.337,0.274,0.405,FALSE,221,112,1.584,0.9999,FALSE,50,232,FALSE,FALSE
"Lisinopril","Myopathy",67,0.263,145.346,FALSE,233,0.287,0.233,0.347,FALSE,234,94,1.413,0.9986,FALSE,26,230,FALSE,FALSE
"Ibuprofen","Rash",68,0.354,81.849,FALSE,215,0.382,0.31,0.458,FALSE,215,106,1.69,1,FALSE,65,228,FALSE,FALSE
"Atorvastatin","Angioedema",46,0.193,163.445,FALSE,238,0.216,0.168,0.269,FALSE,238,88,1.48,0.9977,FALSE,21,226,FALSE,FALSE
"Apixaban","Headache",63,0.286,116.305,FALSE,229,0.312,0.254,0.379,FALSE,229,96,1.506,0.9997,FALSE,40,225,FALSE,FALSE
"Empagliflozin","Gastrointestinal haemorrhage",58,0.263,124.662,FALSE,233,0.288,0.23,0.353,FALSE,233,98.5,1.535,0.9997,FALSE,40,217,FALSE,FALSE
"Amlodipine","Lactic acidosis",70,0.25,166.872,FALSE,235,0.273,0.223,0.328,FALSE,235,103.5,1.475,0.9997,FALSE,40,213,FALSE,FALSE
"Ibuprofen","Lactic acidosis",81,0.285,153.711,FALSE,230,0.308,0.255,0.369,FALSE,230,96,1.468,0.9999,FALSE,50,213,FALSE,FALSE
"Atorvastatin","Nausea",48,0.205,154.699,FALSE,237,0.229,0.179,0.284,FALSE,237,89.5,1.618,0.9997,FALSE,40,209,FALSE,FALSE
